.cell_id	.node_id	x	y
1	1	0.5	0
1	2	0.4989933382359422	0.03171195982828225
1	3	0.49597740641539767	0.06329622678687463
1	4	0.49096434863135335	0.09462562218020511
1	5	0.4839743506981781	0.1255739935905396
1	6	0.47503555887047266	0.15601672284924353
1	7	0.4641839665080363	0.1858312278301638
1	8	0.4514632691433106	0.21489745604458582
1	9	0.43692468853489247	0.24309836805023435
1	10	0.4206267664155906	0.2703204087277988
1	11	0.4026351287655293	0.2964539645273202
1	12	0.38302222155948906	0.3213938048432696
1	13	0.36186701905253504	0.345039505741056
1	14	0.3392547057785661	0.36729585432876666
1	15	0.31527633354226126	0.3880732321458784
1	16	0.29002845478559913	0.40728797602516786
1	17	0.26361273380525124	0.4248627149747572
1	18	0.23613553738634135	0.44072668172379104
1	19	0.20770750650094322	0.45481599767725917
1	20	0.17844311079593594	0.4670739301325534
1	21	0.14846018766413746	0.47745112072203694
1	22	0.11787946775471364	0.4859057841617708
1	23	0.08682408883346521	0.492403876506104
1	24	0.05541909995050555	0.49691923223062706
1	25	0.02379095791187109	0.499433669591504
1	26	-0.007932981917404014	0.49993706383693753
1	27	-0.03962497842839428	0.4984273879759712
1	28	-0.07115741913664261	0.49491072094046634
1	29	-0.10240333403259537	0.48940122310738937
1	30	-0.13323690684501752	0.481921079279971
1	31	-0.16353398165871083	0.47250040935733423
1	32	-0.19317256284656434	0.4611771470522907
1	33	-0.22203330630288706	0.44799688714566793
1	34	-0.25000000000000006	0.4330127018922193
1	35	-0.27696003193305513	0.4162849273173857
1	36	-0.3028048435688334	0.397880920265416
1	37	-0.3274303669726425	0.3778747871771292
1	38	-0.3507374438531607	0.3563470856894314
1	39	-0.37263222483787733	0.3333845002581458
1	40	-0.39302654737139375	0.30907949311030253
1	41	-0.41183829071491634	0.2835299319313854
1	42	-0.42899170661748853	0.25683869578670315
1	43	-0.4444177243274617	0.22911326086370526
1	44	-0.45805422871603485	0.2004652677033068
1	45	-0.46984631039295416	0.17101007166283444
1	46	-0.4797464868072487	0.1408662784207148
1	47	-0.4877148934427035	0.1101552663932704
1	48	-0.49371944433819714	0.07900069798667493
1	49	-0.4977359612865423	0.04752802165209122
1	50	-0.49974827119159254	0.015863966749033828
1	51	-0.49974827119159254	-0.015863966749033925
1	52	-0.4977359612865423	-0.047528021652091315
1	53	-0.49371944433819714	-0.07900069798667504
1	54	-0.4877148934427035	-0.11015526639327029
1	55	-0.4797464868072487	-0.14086627842071492
1	56	-0.4698463103929542	-0.17101007166283433
1	57	-0.4580542287160348	-0.20046526770330692
1	58	-0.44441772432746174	-0.22911326086370515
1	59	-0.4289917066174885	-0.2568386957867032
1	60	-0.4118382907149164	-0.2835299319313853
1	61	-0.3930265473713937	-0.30907949311030264
1	62	-0.3726322248378774	-0.33338450025814576
1	63	-0.35073744385316064	-0.3563470856894314
1	64	-0.3274303669726426	-0.3778747871771291
1	65	-0.30280484356883336	-0.39788092026541605
1	66	-0.27696003193305524	-0.41628492731738564
1	67	-0.24999999999999983	-0.4330127018922194
1	68	-0.22203330630288698	-0.447996887145668
1	69	-0.19317256284656434	-0.4611771470522907
1	70	-0.16353398165871094	-0.4725004093573342
1	71	-0.13323690684501732	-0.4819210792799711
1	72	-0.10240333403259527	-0.48940122310738937
1	73	-0.07115741913664263	-0.49491072094046634
1	74	-0.03962497842839439	-0.49842738797597114
1	75	-0.007932981917403804	-0.49993706383693753
1	76	0.02379095791187119	-0.499433669591504
1	77	0.05541909995050543	-0.49691923223062706
1	78	0.08682408883346499	-0.49240387650610407
1	79	0.11787946775471374	-0.4859057841617708
1	80	0.14846018766413746	-0.47745112072203694
1	81	0.17844311079593583	-0.4670739301325534
1	82	0.2077075065009434	-0.4548159976772591
1	83	0.23613553738634147	-0.440726681723791
1	84	0.2636127338052512	-0.4248627149747572
1	85	0.29002845478559897	-0.407287976025168
1	86	0.31527633354226137	-0.3880732321458783
1	87	0.33925470577856615	-0.36729585432876655
1	88	0.36186701905253504	-0.345039505741056
1	89	0.38302222155948895	-0.3213938048432698
1	90	0.4026351287655294	-0.2964539645273201
1	91	0.4206267664155906	-0.2703204087277987
1	92	0.4369246885348924	-0.24309836805023438
1	93	0.45146326914331053	-0.21489745604458596
1	94	0.46418396650803634	-0.18583122783016362
1	95	0.4750355588704727	-0.15601672284924353
1	96	0.4839743506981781	-0.12557399359053967
1	97	0.4909643486313534	-0.09462562218020487
1	98	0.49597740641539767	-0.06329622678687452
1	99	0.4989933382359422	-0.03171195982828226
1	100	0.5	-1.2246467991473532e-16
2	1	1.0606601717798212	-1.0606601717798214
2	2	1.0773550599432513	-1.0436982680902913
2	3	1.0937787297317654	-1.0264736189432078
2	4	1.1099270465743258	-1.0089905605518785
2	5	1.1257959452185227	-0.9912534941827611
2	6	1.1413814307539871	-0.9732668850474577
2	7	1.1566795796180807	-0.955035261178633
2	8	1.1716865405836399	-0.9365632122900953
2	9	1.1863985357284939	-0.9178553886213696
2	10	1.2008118613865402	-0.8989164997670207
2	11	1.2149228890801251	-0.8797513134910353
2	12	1.2287280664334874	-0.8603646545265695
2	13	1.2422239180670562	-0.8407614033613411
2	14	1.2554070464723541	-0.8209464950089991
2	15	1.2682741328673064	-0.8009249177667543
2	16	1.2808219380317225	-0.780701711959608
2	17	1.2930473031227538	-0.7602819686714748
2	18	1.3049471504701187	-0.7396708284635252
2	19	1.3165184843508833	-0.7188734800800858
2	20	1.3277583917436249	-0.6978951591423908
2	21	1.3386640430617645	-0.6767411468305518
2	22	1.3492326928659049	-0.6554167685540394
2	23	1.3594616805549746	-0.63392739261105
2	24	1.3693484310360267	-0.6122784288370547
2	25	1.3788904553724985	-0.5904753272429117
2	26	1.3880853514107914	-0.5685235766428511
2	27	1.3969308043850006	-0.5464287032726913
2	28	1.4054245874996423	-0.5241962693986482
2	29	1.4135645624902409	-0.5018318719170531
2	30	1.4213486801616222	-0.4793411409453758
2	31	1.4287749809037908	-0.4567297384048608
2	32	1.4358415951852481	-0.4340033565951788
2	33	1.4425467440236392	-0.4111677167614168
2	34	1.4488887394336025	-0.388228567653781
2	35	1.4548659848517076	-0.36519168408038905
2	36	1.4604769755383866	-0.3420628654534824
2	37	1.465720298956739	-0.31884793432946584
2	38	1.4705946351281356	-0.2955527349430996
2	39	1.4750987569645106	-0.2721831317362549
2	40	1.4792315305772799	-0.24874500788156167
2	41	1.4829919155627866	-0.22524426380136037
2	42	1.4863789652642205	-0.20168681568229843
2	43	1.4893918270099324	-0.17807859398595782
2	44	1.4920297423280897	-0.1544255419559024
2	45	1.4942920471376184	-0.13073361412148748
2	46	1.4961781719153802	-0.10700877479884949
2	47	1.4976876418395495	-0.08325699658941071
2	48	1.498820076909145	-0.0594842588763182
2	49	1.4995751920396936	-0.035696546319161845
2	50	1.4999527971349997	-0.01189984734736451
2	51	1.4999527971349997	0.011899847347363776
2	52	1.4995751920396936	0.0356965463191611
2	53	1.498820076909145	0.059484258876317475
2	54	1.4976876418395495	0.08325699658940999
2	55	1.4961781719153802	0.10700877479884874
2	56	1.4942920471376184	0.13073361412148674
2	57	1.4920297423280897	0.1544255419559017
2	58	1.4893918270099324	0.1780785939859571
2	59	1.4863789652642205	0.20168681568229768
2	60	1.4829919155627866	0.22524426380135965
2	61	1.4792315305772799	0.2487450078815609
2	62	1.4750987569645109	0.27218313173625414
2	63	1.4705946351281356	0.29555273494309886
2	64	1.4657202989567393	0.3188479343294651
2	65	1.4604769755383868	0.3420628654534817
2	66	1.454865984851708	0.3651916840803883
2	67	1.4488887394336025	0.38822856765378033
2	68	1.4425467440236395	0.41116771676141617
2	69	1.435841595185248	0.43400335659517947
2	70	1.4287749809037908	0.45672973840486014
2	71	1.4213486801616224	0.47934114094537517
2	72	1.413564562490241	0.5018318719170526
2	73	1.4054245874996425	0.5241962693986475
2	74	1.3969308043850008	0.5464287032726908
2	75	1.3880853514107918	0.5685235766428505
2	76	1.3788904553724983	0.5904753272429124
2	77	1.3693484310360269	0.6122784288370542
2	78	1.3594616805549755	0.6339273926110481
2	79	1.3492326928659049	0.6554167685540389
2	80	1.3386640430617647	0.6767411468305511
2	81	1.327758391743625	0.6978951591423901
2	82	1.3165184843508835	0.7188734800800851
2	83	1.3049471504701182	0.7396708284635257
2	84	1.293047303122754	0.7602819686714741
2	85	1.2808219380317227	0.7807017119596076
2	86	1.2682741328673068	0.8009249177667539
2	87	1.2554070464723543	0.8209464950089986
2	88	1.2422239180670567	0.8407614033613405
2	89	1.2287280664334876	0.8603646545265691
2	90	1.214922889080125	0.8797513134910357
2	91	1.2008118613865408	0.8989164997670203
2	92	1.1863985357284943	0.9178553886213692
2	93	1.1716865405836403	0.9365632122900948
2	94	1.1566795796180813	0.9550352611786326
2	95	1.1413814307539876	0.9732668850474573
2	96	1.125795945218523	0.9912534941827605
2	97	1.1099270465743256	1.0089905605518792
2	98	1.0937787297317658	1.0264736189432073
2	99	1.0773550599432515	1.0436982680902909
2	100	1.0606601717798214	1.060660171779821
2	1	0.35355339059327384	0.3535533905932737
2	2	0.3591183533144172	0.3478994226967636
2	3	0.3645929099105886	0.3421578729810691
2	4	0.3699756821914421	0.33633018685062605
2	5	0.37526531507284105	0.3304178313942535
2	6	0.38046047691799584	0.3244222950158191
2	7	0.38555985987269376	0.3183450870595442
2	8	0.3905621801945468	0.3121877374300316
2	9	0.3954661785761648	0.30595179620712304
2	10	0.40027062046218026	0.2996388332556734
2	11	0.4049742963600419	0.2932504378303449
2	12	0.4095760221444959	0.286788218175523
2	13	0.41407463935568556	0.28025380112044684
2	14	0.4184690154907848	0.2736488316696662
2	15	0.42275804428910224	0.26697497258891795
2	16	0.42694064601057424	0.26023390398653584
2	17	0.4310157677075847	0.25342732289049136
2	18	0.43498238349003965	0.24655694282117485
2	19	0.4388394947836278	0.2396244933600284
2	20	0.4425861305812084	0.23263171971413005
2	21	0.4462213476872549	0.22558038227685037
2	22	0.44974423095530164	0.2184722561846796
2	23	0.45315389351832497	0.21130913087034978
2	24	0.45644947701200894	0.20409280961235138
2	25	0.45963015179083294	0.1968251090809704
2	26	0.46269511713693057	0.18950785888095018
2	27	0.46564360146166694	0.18214290109089692
2	28	0.46847486249988085	0.17473208979954918
2	29	0.47118818749674707	0.16727729063901753
2	30	0.47378289338720747	0.15978038031512506
2	31	0.4762583269679303	0.15224324613495338
2	32	0.47861386506174947	0.14466778553172607
2	33	0.4808489146745465	0.13705590558713873
2	34	0.4829629131445342	0.12940952255126012
2	35	0.48495532828390264	0.12173056136012944
2	36	0.4868256585127956	0.11402095515116056
2	37	0.48857343298557976	0.10628264477648837
2	38	0.49019821170937855	0.09851757831436629
2	39	0.49169958565483696	0.09072771057875138
2	40	0.4930771768590933	0.08291500262718697
2	41	0.4943306385209289	0.07508142126711988
2	42	0.4954596550880735	0.0672289385607659
2	43	0.49646394233664415	0.05935953132865236
2	44	0.4973432474426966	0.051475180651967226
2	45	0.4980973490458728	0.04357787137382891
2	46	0.49872605730512676	0.035669591599616246
2	47	0.49922921394651654	0.027752332196469998
2	48	0.4996066923030483	0.019828086292105824
2	49	0.49985839734656456	0.011898848773053701
2	50	0.49998426571166654	0.003966615782454592
2	51	0.49998426571166654	-0.003966615782454837
2	52	0.4998583973465645	-0.011898848773053947
2	53	0.4996066923030483	-0.019828086292106067
2	54	0.49922921394651654	-0.02775233219647024
2	55	0.49872605730512676	-0.035669591599616496
2	56	0.4980973490458728	-0.04357787137382916
2	57	0.4973432474426966	-0.051475180651967475
2	58	0.49646394233664415	-0.05935953132865261
2	59	0.4954596550880735	-0.06722893856076614
2	60	0.49433063852092884	-0.07508142126712013
2	61	0.49307717685909325	-0.08291500262718722
2	62	0.4916995856548369	-0.09072771057875163
2	63	0.4901982117093785	-0.09851757831436653
2	64	0.4885734329855797	-0.10628264477648862
2	65	0.4868256585127955	-0.1140209551511608
2	66	0.48495532828390253	-0.12173056136012969
2	67	0.48296291314453416	-0.12940952255126034
2	68	0.48084891467454643	-0.13705590558713893
2	69	0.47861386506174924	-0.1446677855317267
2	70	0.47625832696793025	-0.1522432461349536
2	71	0.4737828933872074	-0.15978038031512526
2	72	0.47118818749674696	-0.16727729063901772
2	73	0.4684748624998808	-0.17473208979954938
2	74	0.4656436014616669	-0.18214290109089712
2	75	0.46269511713693046	-0.18950785888095037
2	76	0.45963015179083266	-0.196825109080971
2	77	0.4564494770120089	-0.20409280961235157
2	78	0.453153893518325	-0.21130913087034958
2	79	0.4497442309553016	-0.2184722561846798
2	80	0.44622134768725485	-0.22558038227685057
2	81	0.44258613058120827	-0.23263171971413024
2	82	0.4388394947836277	-0.23962449336002858
2	83	0.4349823834900393	-0.2465569428211754
2	84	0.4310157677075846	-0.2534273228904916
2	85	0.42694064601057413	-0.260233903986536
2	86	0.42275804428910213	-0.2669749725889181
2	87	0.4184690154907847	-0.27364883166966636
2	88	0.41407463935568545	-0.280253801120447
2	89	0.4095760221444958	-0.2867882181755232
2	90	0.40497429636004145	-0.29325043783034543
2	91	0.4002706204621801	-0.2996388332556736
2	92	0.3954661785761646	-0.3059517962071232
2	93	0.39056218019454664	-0.31218773743003175
2	94	0.3855598598726936	-0.31834508705954434
2	95	0.38046047691799567	-0.32442229501581926
2	96	0.3752653150728409	-0.3304178313942537
2	97	0.3699756821914416	-0.33633018685062654
2	98	0.36459290991058846	-0.34215787298106926
2	99	0.3591183533144171	-0.34789942269676377
2	100	0.35355339059327373	-0.35355339059327384
3	1	1.0606601717798214	1.0606601717798212
3	2	1.0436982680902915	1.077355059943251
3	3	1.0264736189432075	1.0937787297317656
3	4	1.0089905605518787	1.1099270465743258
3	5	0.9912534941827607	1.125795945218523
3	6	0.9732668850474577	1.1413814307539871
3	7	0.9550352611786326	1.1566795796180813
3	8	0.9365632122900953	1.17168654058364
3	9	0.91785538862137	1.1863985357284936
3	10	0.8989164997670205	1.2008118613865406
3	11	0.8797513134910355	1.2149228890801251
3	12	0.8603646545265693	1.2287280664334874
3	13	0.8407614033613412	1.2422239180670562
3	14	0.8209464950089986	1.2554070464723543
3	15	0.8009249177667541	1.2682741328673064
3	16	0.7807017119596085	1.280821938031722
3	17	0.7602819686714746	1.293047303122754
3	18	0.7396708284635256	1.3049471504701184
3	19	0.7188734800800852	1.3165184843508835
3	20	0.6978951591423908	1.3277583917436249
3	21	0.6767411468305512	1.3386640430617647
3	22	0.6554167685540393	1.3492326928659049
3	23	0.6339273926110491	1.3594616805549748
3	24	0.6122784288370544	1.3693484310360267
3	25	0.5904753272429122	1.3788904553724983
3	26	0.5685235766428505	1.3880853514107916
3	27	0.5464287032726914	1.3969308043850006
3	28	0.5241962693986475	1.4054245874996425
3	29	0.5018318719170529	1.413564562490241
3	30	0.47934114094537494	1.4213486801616224
3	31	0.45672973840486053	1.4287749809037908
3	32	0.4340033565951792	1.4358415951852481
3	33	0.4111677167614166	1.4425467440236395
3	34	0.3882285676537811	1.4488887394336025
3	35	0.36519168408038843	1.4548659848517078
3	36	0.3420628654534821	1.4604769755383866
3	37	0.3188479343294649	1.4657202989567393
3	38	0.2955527349430993	1.4705946351281356
3	39	0.27218313173625397	1.4750987569645109
3	40	0.24874500788156137	1.4792315305772799
3	41	0.2252442638013607	1.4829919155627866
3	42	0.2016868156822978	1.4863789652642205
3	43	0.17807859398595788	1.4893918270099324
3	44	0.15442554195590147	1.4920297423280897
3	45	0.13073361412148718	1.4942920471376184
3	46	0.10700877479884853	1.4961781719153802
3	47	0.08325699658941045	1.4976876418395495
3	48	0.0594842588763186	1.498820076909145
3	49	0.035696546319161235	1.4995751920396936
3	50	0.011899847347364568	1.4999527971349997
3	51	-0.011899847347364718	1.4999527971349997
3	52	-0.03569654631916138	1.4995751920396936
3	53	-0.059484258876318405	1.498820076909145
3	54	-0.08325699658941027	1.4976876418395495
3	55	-0.10700877479884836	1.4961781719153802
3	56	-0.130733614121487	1.4942920471376184
3	57	-0.15442554195590164	1.4920297423280897
3	58	-0.1780785939859577	1.4893918270099324
3	59	-0.20168681568229796	1.4863789652642205
3	60	-0.2252442638013606	1.4829919155627866
3	61	-0.2487450078815612	1.4792315305772799
3	62	-0.27218313173625375	1.4750987569645109
3	63	-0.2955527349430992	1.4705946351281356
3	64	-0.31884793432946473	1.4657202989567393
3	65	-0.3420628654534823	1.4604769755383866
3	66	-0.36519168408038827	1.454865984851708
3	67	-0.3882285676537813	1.4488887394336025
3	68	-0.41116771676141645	1.4425467440236395
3	69	-0.4340033565951791	1.4358415951852481
3	70	-0.4567297384048604	1.4287749809037908
3	71	-0.4793411409453751	1.4213486801616224
3	72	-0.5018318719170531	1.413564562490241
3	73	-0.5241962693986475	1.4054245874996427
3	74	-0.5464287032726913	1.3969308043850006
3	75	-0.5685235766428507	1.3880853514107916
3	76	-0.590475327242912	1.3788904553724983
3	77	-0.6122784288370544	1.3693484310360269
3	78	-0.633927392611049	1.359461680554975
3	79	-0.6554167685540391	1.3492326928659049
3	80	-0.6767411468305513	1.3386640430617647
3	81	-0.6978951591423904	1.3277583917436249
3	82	-0.7188734800800853	1.3165184843508833
3	83	-0.7396708284635252	1.3049471504701187
3	84	-0.7602819686714742	1.293047303122754
3	85	-0.7807017119596082	1.2808219380317223
3	86	-0.8009249177667539	1.2682741328673066
3	87	-0.8209464950089987	1.2554070464723543
3	88	-0.8407614033613405	1.2422239180670565
3	89	-0.8603646545265693	1.2287280664334874
3	90	-0.8797513134910353	1.2149228890801251
3	91	-0.8989164997670203	1.2008118613865406
3	92	-0.9178553886213698	1.1863985357284939
3	93	-0.9365632122900949	1.1716865405836403
3	94	-0.9550352611786327	1.156679579618081
3	95	-0.9732668850474575	1.1413814307539873
3	96	-0.9912534941827607	1.125795945218523
3	97	-1.0089905605518787	1.1099270465743258
3	98	-1.0264736189432075	1.0937787297317656
3	99	-1.0436982680902913	1.077355059943251
3	100	-1.0606601717798212	1.0606601717798214
3	1	-0.35355339059327373	0.3535533905932738
3	2	-0.34789942269676377	0.35911835331441705
3	3	-0.34215787298106914	0.36459290991058857
3	4	-0.33633018685062627	0.36997568219144195
3	5	-0.3304178313942534	0.37526531507284117
3	6	-0.32442229501581915	0.3804604769179958
3	7	-0.318345087059544	0.38555985987269387
3	8	-0.31218773743003164	0.39056218019454675
3	9	-0.30595179620712326	0.3954661785761646
3	10	-0.2996388332556734	0.4002706204621802
3	11	-0.2932504378303451	0.4049742963600417
3	12	-0.2867882181755231	0.40957602214449584
3	13	-0.28025380112044684	0.4140746393556855
3	14	-0.2736488316696661	0.4184690154907849
3	15	-0.26697497258891795	0.4227580442891022
3	16	-0.26023390398653606	0.4269406460105741
3	17	-0.2534273228904914	0.43101576770758465
3	18	-0.24655694282117507	0.43498238349003954
3	19	-0.23962449336002845	0.43883949478362777
3	20	-0.23263171971413013	0.4425861305812083
3	21	-0.22558038227685026	0.44622134768725497
3	22	-0.2184722561846797	0.44974423095530164
3	23	-0.21130913087034967	0.453153893518325
3	24	-0.20409280961235146	0.45644947701200894
3	25	-0.19682510908097067	0.4596301517908328
3	26	-0.18950785888095015	0.46269511713693057
3	27	-0.1821429010908971	0.4656436014616669
3	28	-0.17473208979954916	0.4684748624998809
3	29	-0.16727729063901758	0.471188187496747
3	30	-0.15978038031512493	0.4737828933872075
3	31	-0.15224324613495346	0.47625832696793025
3	32	-0.14466778553172635	0.47861386506174936
3	33	-0.13705590558713882	0.4808489146745465
3	34	-0.12940952255126031	0.48296291314453416
3	35	-0.12173056136012943	0.48495532828390264
3	36	-0.11402095515116065	0.4868256585127955
3	37	-0.10628264477648824	0.48857343298557976
3	38	-0.09851757831436639	0.4901982117093785
3	39	-0.09072771057875126	0.49169958565483696
3	40	-0.08291500262718707	0.4930771768590933
3	41	-0.0750814212671202	0.49433063852092884
3	42	-0.06722893856076588	0.4954596550880735
3	43	-0.05935953132865257	0.49646394233664415
3	44	-0.0514751806519671	0.4973432474426966
3	45	-0.04357787137382901	0.4980973490458728
3	46	-0.03566959159961612	0.49872605730512676
3	47	-0.027752332196470088	0.49922921394651654
3	48	-0.019828086292106136	0.4996066923030483
3	49	-0.011898848773053682	0.49985839734656456
3	50	-0.003966615782454795	0.49998426571166654
3	51	0.003966615782454967	0.49998426571166654
3	52	0.011898848773053855	0.4998583973465645
3	53	0.0198280862921062	0.4996066923030483
3	54	0.02775233219647015	0.49922921394651654
3	55	0.03566959159961618	0.49872605730512676
3	56	0.04357787137382906	0.4980973490458728
3	57	0.05147518065196727	0.4973432474426966
3	58	0.059359531328652626	0.49646394233664415
3	59	0.06722893856076605	0.4954596550880735
3	60	0.07508142126712024	0.49433063852092884
3	61	0.08291500262718712	0.4930771768590933
3	62	0.09072771057875131	0.49169958565483696
3	63	0.09851757831436644	0.4901982117093785
3	64	0.1062826447764883	0.48857343298557976
3	65	0.11402095515116081	0.4868256585127955
3	66	0.12173056136012948	0.4849553282839026
3	67	0.12940952255126048	0.4829629131445341
3	68	0.13705590558713887	0.4808489146745465
3	69	0.1446677855317264	0.47861386506174936
3	70	0.15224324613495352	0.47625832696793025
3	71	0.1597803803151251	0.47378289338720747
3	72	0.16727729063901775	0.47118818749674696
3	73	0.17473208979954918	0.46847486249988085
3	74	0.18214290109089715	0.4656436014616669
3	75	0.1895078588809503	0.4626951171369305
3	76	0.19682510908097073	0.4596301517908328
3	77	0.2040928096123515	0.4564494770120089
3	78	0.21130913087034972	0.45315389351832497
3	79	0.21847225618467983	0.4497442309553015
3	80	0.2255803822768504	0.4462213476872549
3	81	0.23263171971413027	0.44258613058120827
3	82	0.2396244933600285	0.43883949478362777
3	83	0.24655694282117518	0.4349823834900395
3	84	0.2534273228904915	0.43101576770758465
3	85	0.2602339039865362	0.426940646010574
3	86	0.26697497258891817	0.4227580442891021
3	87	0.27364883166966625	0.4184690154907848
3	88	0.28025380112044707	0.4140746393556854
3	89	0.2867882181755231	0.40957602214449584
3	90	0.2932504378303452	0.4049742963600416
3	91	0.29963883325567353	0.40027062046218015
3	92	0.3059517962071233	0.39546617857616456
3	93	0.31218773743003175	0.3905621801945467
3	94	0.31834508705954423	0.3855598598726937
3	95	0.3244222950158193	0.38046047691799567
3	96	0.33041783139425357	0.375265315072841
3	97	0.3363301868506263	0.36997568219144183
3	98	0.3421578729810692	0.3645929099105885
3	99	0.3478994226967639	0.359118353314417
3	100	0.3535533905932738	0.35355339059327373
4	1	-1.0606601717798212	1.0606601717798214
4	2	-1.077355059943251	1.0436982680902918
4	3	-1.0937787297317656	1.0264736189432075
4	4	-1.1099270465743256	1.008990560551879
4	5	-1.1257959452185233	0.9912534941827604
4	6	-1.1413814307539871	0.9732668850474576
4	7	-1.1566795796180815	0.9550352611786324
4	8	-1.17168654058364	0.9365632122900953
4	9	-1.1863985357284936	0.91785538862137
4	10	-1.2008118613865404	0.8989164997670206
4	11	-1.214922889080125	0.8797513134910356
4	12	-1.2287280664334874	0.8603646545265695
4	13	-1.2422239180670562	0.8407614033613409
4	14	-1.2554070464723546	0.8209464950089984
4	15	-1.2682741328673064	0.8009249177667541
4	16	-1.280821938031722	0.7807017119596085
4	17	-1.293047303122754	0.7602819686714746
4	18	-1.3049471504701184	0.7396708284635256
4	19	-1.3165184843508833	0.7188734800800856
4	20	-1.3277583917436249	0.6978951591423905
4	21	-1.338664043061765	0.676741146830551
4	22	-1.3492326928659049	0.6554167685540393
4	23	-1.3594616805549748	0.6339273926110492
4	24	-1.3693484310360267	0.6122784288370545
4	25	-1.3788904553724983	0.5904753272429122
4	26	-1.3880853514107914	0.5685235766428509
4	27	-1.3969308043850006	0.5464287032726912
4	28	-1.4054245874996427	0.5241962693986474
4	29	-1.413564562490241	0.501831871917053
4	30	-1.4213486801616224	0.47934114094537505
4	31	-1.4287749809037908	0.45672973840486064
4	32	-1.4358415951852481	0.4340033565951793
4	33	-1.4425467440236395	0.4111677167614167
4	34	-1.4488887394336025	0.3882285676537809
4	35	-1.4548659848517078	0.3651916840803889
4	36	-1.4604769755383866	0.3420628654534822
4	37	-1.4657202989567393	0.318847934329465
4	38	-1.4705946351281356	0.29555273494309936
4	39	-1.4750987569645109	0.272183131736254
4	40	-1.4792315305772799	0.24874500788156145
4	41	-1.4829919155627866	0.2252442638013608
4	42	-1.4863789652642205	0.20168681568229824
4	43	-1.4893918270099324	0.17807859398595766
4	44	-1.4920297423280897	0.15442554195590158
4	45	-1.4942920471376184	0.1307336141214873
4	46	-1.4961781719153802	0.10700877479884863
4	47	-1.4976876418395495	0.08325699658941055
4	48	-1.498820076909145	0.05948425887631869
4	49	-1.4995751920396936	0.03569654631916165
4	50	-1.4999527971349997	0.011899847347364328
4	51	-1.4999527971349997	-0.011899847347364625
4	52	-1.4995751920396936	-0.03569654631916129
4	53	-1.498820076909145	-0.059484258876318315
4	54	-1.4976876418395495	-0.08325699658941017
4	55	-1.4961781719153802	-0.10700877479884827
4	56	-1.4942920471376184	-0.13073361412148693
4	57	-1.4920297423280897	-0.15442554195590186
4	58	-1.4893918270099324	-0.17807859398595727
4	59	-1.4863789652642205	-0.2016868156822979
4	60	-1.4829919155627866	-0.2252442638013605
4	61	-1.4792315305772799	-0.24874500788156112
4	62	-1.4750987569645109	-0.27218313173625375
4	63	-1.4705946351281356	-0.2955527349430991
4	64	-1.4657202989567393	-0.3188479343294647
4	65	-1.4604769755383866	-0.34206286545348186
4	66	-1.4548659848517078	-0.36519168408038855
4	67	-1.4488887394336025	-0.3882285676537812
4	68	-1.4425467440236395	-0.4111677167614164
4	69	-1.4358415951852481	-0.43400335659517897
4	70	-1.4287749809037908	-0.4567297384048603
4	71	-1.4213486801616224	-0.4793411409453754
4	72	-1.413564562490241	-0.5018318719170527
4	73	-1.4054245874996425	-0.5241962693986476
4	74	-1.3969308043850008	-0.5464287032726909
4	75	-1.3880853514107916	-0.5685235766428506
4	76	-1.3788904553724985	-0.590475327242912
4	77	-1.3693484310360269	-0.6122784288370543
4	78	-1.359461680554975	-0.6339273926110489
4	79	-1.3492326928659049	-0.655416768554039
4	80	-1.3386640430617647	-0.6767411468305513
4	81	-1.327758391743625	-0.6978951591423903
4	82	-1.3165184843508835	-0.7188734800800852
4	83	-1.3049471504701187	-0.7396708284635252
4	84	-1.293047303122754	-0.7602819686714742
4	85	-1.2808219380317223	-0.7807017119596082
4	86	-1.2682741328673066	-0.8009249177667539
4	87	-1.2554070464723543	-0.8209464950089987
4	88	-1.2422239180670565	-0.8407614033613405
4	89	-1.2287280664334874	-0.8603646545265693
4	90	-1.2149228890801251	-0.8797513134910353
4	91	-1.2008118613865406	-0.8989164997670203
4	92	-1.1863985357284939	-0.9178553886213698
4	93	-1.1716865405836403	-0.9365632122900949
4	94	-1.156679579618081	-0.9550352611786327
4	95	-1.1413814307539873	-0.9732668850474575
4	96	-1.125795945218523	-0.9912534941827607
4	97	-1.1099270465743258	-1.0089905605518787
4	98	-1.0937787297317656	-1.0264736189432075
4	99	-1.077355059943251	-1.0436982680902913
4	100	-1.0606601717798214	-1.0606601717798212
4	1	-0.35355339059327384	-0.35355339059327373
4	2	-0.35911835331441705	-0.34789942269676377
4	3	-0.36459290991058857	-0.34215787298106914
4	4	-0.36997568219144195	-0.33633018685062627
4	5	-0.37526531507284117	-0.3304178313942534
4	6	-0.3804604769179958	-0.32442229501581915
4	7	-0.38555985987269387	-0.318345087059544
4	8	-0.39056218019454675	-0.31218773743003164
4	9	-0.3954661785761646	-0.30595179620712326
4	10	-0.4002706204621802	-0.2996388332556734
4	11	-0.4049742963600417	-0.2932504378303451
4	12	-0.40957602214449584	-0.2867882181755231
4	13	-0.4140746393556855	-0.28025380112044684
4	14	-0.4184690154907849	-0.2736488316696661
4	15	-0.4227580442891022	-0.26697497258891795
4	16	-0.4269406460105741	-0.26023390398653606
4	17	-0.43101576770758465	-0.2534273228904914
4	18	-0.43498238349003954	-0.24655694282117507
4	19	-0.4388394947836278	-0.23962449336002842
4	20	-0.4425861305812084	-0.2326317197141301
4	21	-0.446221347687255	-0.22558038227685023
4	22	-0.44974423095530164	-0.21847225618467966
4	23	-0.453153893518325	-0.21130913087034964
4	24	-0.45644947701200894	-0.20409280961235143
4	25	-0.45963015179083283	-0.19682510908097064
4	26	-0.4626951171369305	-0.1895078588809502
4	27	-0.46564360146166694	-0.18214290109089698
4	28	-0.4684748624998809	-0.17473208979954902
4	29	-0.47118818749674707	-0.16727729063901758
4	30	-0.4737828933872075	-0.1597803803151249
4	31	-0.4762583269679303	-0.15224324613495344
4	32	-0.47861386506174936	-0.14466778553172632
4	33	-0.4808489146745465	-0.1370559055871388
4	34	-0.4829629131445342	-0.12940952255126018
4	35	-0.4849553282839026	-0.12173056136012951
4	36	-0.4868256585127955	-0.11402095515116062
4	37	-0.48857343298557976	-0.10628264477648822
4	38	-0.49019821170937855	-0.09851757831436636
4	39	-0.49169958565483696	-0.09072771057875124
4	40	-0.4930771768590933	-0.08291500262718704
4	41	-0.49433063852092884	-0.07508142126712017
4	42	-0.4954596550880735	-0.06722893856076596
4	43	-0.49646394233664415	-0.059359531328652425
4	44	-0.4973432474426966	-0.051475180651967066
4	45	-0.4980973490458728	-0.04357787137382897
4	46	-0.49872605730512676	-0.035669591599616086
4	47	-0.49922921394651654	-0.027752332196470057
4	48	-0.4996066923030483	-0.019828086292106105
4	49	-0.49985839734656456	-0.011898848773053763
4	50	-0.49998426571166654	-0.003966615782454653
4	51	-0.49998426571166654	0.003966615782454998
4	52	-0.4998583973465645	0.011898848773053885
4	53	-0.4996066923030483	0.01982808629210623
4	54	-0.49922921394651654	0.02775233219647018
4	55	-0.49872605730512676	0.03566959159961621
4	56	-0.4980973490458728	0.0435778713738291
4	57	-0.4973432474426966	0.05147518065196741
4	58	-0.49646394233664415	0.05935953132865255
4	59	-0.4954596550880735	0.06722893856076607
4	60	-0.49433063852092884	0.07508142126712027
4	61	-0.49307717685909325	0.08291500262718715
4	62	-0.49169958565483696	0.09072771057875134
4	63	-0.4901982117093785	0.09851757831436646
4	64	-0.48857343298557976	0.10628264477648833
4	65	-0.4868256585127955	0.11402095515116073
4	66	-0.4849553282839026	0.12173056136012962
4	67	-0.4829629131445341	0.1294095225512605
4	68	-0.4808489146745465	0.1370559055871389
4	69	-0.47861386506174936	0.14466778553172643
4	70	-0.47625832696793025	0.15224324613495355
4	71	-0.4737828933872074	0.1597803803151252
4	72	-0.471188187496747	0.16727729063901767
4	73	-0.4684748624998808	0.17473208979954932
4	74	-0.4656436014616669	0.18214290109089706
4	75	-0.46269511713693046	0.18950785888095031
4	76	-0.4596301517908328	0.19682510908097073
4	77	-0.4564494770120089	0.20409280961235152
4	78	-0.45315389351832497	0.21130913087034975
4	79	-0.4497442309553016	0.21847225618467978
4	80	-0.44622134768725485	0.2255803822768505
4	81	-0.4425861305812083	0.2326317197141302
4	82	-0.4388394947836277	0.23962449336002853
4	83	-0.4349823834900395	0.24655694282117518
4	84	-0.43101576770758465	0.2534273228904915
4	85	-0.426940646010574	0.2602339039865362
4	86	-0.42275804428910213	0.26697497258891806
4	87	-0.41846901549078475	0.27364883166966636
4	88	-0.41407463935568545	0.28025380112044695
4	89	-0.40957602214449584	0.2867882181755232
4	90	-0.4049742963600416	0.2932504378303452
4	91	-0.40027062046218015	0.29963883325567353
4	92	-0.39546617857616456	0.3059517962071233
4	93	-0.3905621801945467	0.31218773743003175
4	94	-0.38555985987269364	0.3183450870595443
4	95	-0.3804604769179957	0.3244222950158192
4	96	-0.37526531507284094	0.3304178313942536
4	97	-0.36997568219144183	0.3363301868506263
4	98	-0.3645929099105885	0.3421578729810692
4	99	-0.359118353314417	0.3478994226967639
4	100	-0.35355339059327373	0.3535533905932738
5	1	-1.0606601717798214	-1.0606601717798212
5	2	-1.0436982680902918	-1.0773550599432509
5	3	-1.0264736189432078	-1.0937787297317654
5	4	-1.0089905605518792	-1.1099270465743256
5	5	-0.9912534941827605	-1.125795945218523
5	6	-0.9732668850474577	-1.1413814307539871
5	7	-0.955035261178633	-1.1566795796180807
5	8	-0.9365632122900953	-1.1716865405836399
5	9	-0.9178553886213696	-1.1863985357284939
5	10	-0.8989164997670207	-1.2008118613865402
5	11	-0.8797513134910353	-1.2149228890801251
5	12	-0.8603646545265695	-1.2287280664334874
5	13	-0.8407614033613411	-1.2422239180670562
5	14	-0.8209464950089991	-1.2554070464723541
5	15	-0.8009249177667543	-1.2682741328673064
5	16	-0.780701711959608	-1.2808219380317225
5	17	-0.7602819686714748	-1.2930473031227538
5	18	-0.7396708284635252	-1.3049471504701187
5	19	-0.7188734800800857	-1.3165184843508833
5	20	-0.6978951591423906	-1.3277583917436249
5	21	-0.6767411468305516	-1.3386640430617645
5	22	-0.6554167685540394	-1.3492326928659049
5	23	-0.6339273926110499	-1.3594616805549746
5	24	-0.6122784288370546	-1.3693484310360267
5	25	-0.5904753272429117	-1.3788904553724985
5	26	-0.568523576642851	-1.3880853514107914
5	27	-0.5464287032726913	-1.3969308043850006
5	28	-0.524196269398648	-1.4054245874996423
5	29	-0.5018318719170531	-1.413564562490241
5	30	-0.4793411409453757	-1.4213486801616222
5	31	-0.45672973840486075	-1.4287749809037908
5	32	-0.4340033565951788	-1.4358415951852481
5	33	-0.4111677167614168	-1.4425467440236395
5	34	-0.38822856765378094	-1.4488887394336025
5	35	-0.365191684080389	-1.4548659848517078
5	36	-0.3420628654534823	-1.4604769755383866
5	37	-0.3188479343294658	-1.465720298956739
5	38	-0.2955527349430995	-1.4705946351281356
5	39	-0.2721831317362548	-1.4750987569645106
5	40	-0.24874500788156156	-1.4792315305772799
5	41	-0.2252442638013603	-1.4829919155627866
5	42	-0.20168681568229835	-1.4863789652642205
5	43	-0.17807859398595774	-1.4893918270099324
5	44	-0.15442554195590233	-1.4920297423280897
5	45	-0.13073361412148737	-1.4942920471376184
5	46	-0.10700877479884938	-1.4961781719153802
5	47	-0.08325699658941063	-1.4976876418395495
5	48	-0.05948425887631811	-1.498820076909145
5	49	-0.03569654631916175	-1.4995751920396936
5	50	-0.01189984734736442	-1.4999527971349997
5	51	0.011899847347363868	-1.4999527971349997
5	52	0.03569654631916119	-1.4995751920396936
5	53	0.059484258876317565	-1.498820076909145
5	54	0.08325699658941009	-1.4976876418395495
5	55	0.10700877479884885	-1.4961781719153802
5	56	0.13073361412148682	-1.4942920471376184
5	57	0.15442554195590177	-1.4920297423280897
5	58	0.17807859398595718	-1.4893918270099324
5	59	0.20168681568229777	-1.4863789652642205
5	60	0.2252442638013597	-1.4829919155627866
5	61	0.248745007881561	-1.4792315305772799
5	62	0.27218313173625425	-1.4750987569645109
5	63	0.29555273494309897	-1.4705946351281356
5	64	0.3188479343294652	-1.4657202989567393
5	65	0.34206286545348175	-1.4604769755383868
5	66	0.3651916840803884	-1.4548659848517078
5	67	0.38822856765378044	-1.4488887394336025
5	68	0.4111677167614163	-1.4425467440236395
5	69	0.4340033565951795	-1.435841595185248
5	70	0.4567297384048602	-1.4287749809037908
5	71	0.4793411409453753	-1.4213486801616224
5	72	0.5018318719170527	-1.413564562490241
5	73	0.5241962693986475	-1.4054245874996425
5	74	0.5464287032726909	-1.3969308043850008
5	75	0.5685235766428505	-1.3880853514107916
5	76	0.5904753272429124	-1.378890455372498
5	77	0.6122784288370542	-1.3693484310360269
5	78	0.6339273926110482	-1.3594616805549755
5	79	0.6554167685540389	-1.3492326928659049
5	80	0.6767411468305512	-1.3386640430617647
5	81	0.6978951591423902	-1.327758391743625
5	82	0.7188734800800852	-1.3165184843508835
5	83	0.7396708284635257	-1.3049471504701182
5	84	0.7602819686714741	-1.293047303122754
5	85	0.7807017119596076	-1.2808219380317227
5	86	0.8009249177667539	-1.2682741328673068
5	87	0.8209464950089986	-1.2554070464723543
5	88	0.8407614033613405	-1.2422239180670567
5	89	0.8603646545265691	-1.2287280664334876
5	90	0.8797513134910357	-1.214922889080125
5	91	0.8989164997670203	-1.2008118613865408
5	92	0.9178553886213692	-1.1863985357284943
5	93	0.9365632122900948	-1.1716865405836403
5	94	0.9550352611786326	-1.1566795796180813
5	95	0.9732668850474573	-1.1413814307539876
5	96	0.9912534941827605	-1.125795945218523
5	97	1.0089905605518792	-1.1099270465743256
5	98	1.0264736189432073	-1.0937787297317658
5	99	1.0436982680902909	-1.0773550599432515
5	100	1.0606601717798212	-1.0606601717798214
5	1	0.35355339059327373	-0.35355339059327384
5	2	0.3478994226967636	-0.3591183533144172
5	3	0.3421578729810691	-0.3645929099105886
5	4	0.33633018685062605	-0.3699756821914421
5	5	0.3304178313942535	-0.37526531507284105
5	6	0.3244222950158191	-0.38046047691799584
5	7	0.3183450870595442	-0.38555985987269376
5	8	0.3121877374300316	-0.3905621801945468
5	9	0.30595179620712304	-0.3954661785761648
5	10	0.2996388332556734	-0.40027062046218026
5	11	0.2932504378303449	-0.4049742963600419
5	12	0.286788218175523	-0.4095760221444959
5	13	0.28025380112044684	-0.41407463935568556
5	14	0.2736488316696662	-0.4184690154907848
5	15	0.26697497258891795	-0.42275804428910224
5	16	0.26023390398653584	-0.42694064601057424
5	17	0.25342732289049136	-0.4310157677075847
5	18	0.24655694282117485	-0.43498238349003965
5	19	0.23962449336002842	-0.4388394947836278
5	20	0.23263171971413008	-0.4425861305812084
5	21	0.2255803822768504	-0.4462213476872549
5	22	0.21847225618467964	-0.44974423095530164
5	23	0.2113091308703498	-0.4531538935183249
5	24	0.2040928096123514	-0.45644947701200894
5	25	0.1968251090809704	-0.4596301517908329
5	26	0.18950785888095018	-0.4626951171369305
5	27	0.18214290109089695	-0.46564360146166694
5	28	0.17473208979954918	-0.46847486249988085
5	29	0.16727729063901756	-0.47118818749674707
5	30	0.1597803803151251	-0.47378289338720747
5	31	0.1522432461349534	-0.4762583269679303
5	32	0.1446677855317261	-0.4786138650617494
5	33	0.13705590558713876	-0.4808489146745465
5	34	0.12940952255126015	-0.4829629131445342
5	35	0.12173056136012947	-0.4849553282839026
5	36	0.11402095515116059	-0.4868256585127956
5	37	0.1062826447764884	-0.48857343298557976
5	38	0.09851757831436632	-0.49019821170937855
5	39	0.09072771057875141	-0.49169958565483696
5	40	0.082915002627187	-0.4930771768590933
5	41	0.0750814212671199	-0.4943306385209289
5	42	0.06722893856076592	-0.4954596550880735
5	43	0.0593595313286524	-0.49646394233664415
5	44	0.05147518065196726	-0.4973432474426966
5	45	0.043577871373828944	-0.4980973490458728
5	46	0.03566959159961628	-0.49872605730512676
5	47	0.02775233219647003	-0.49922921394651654
5	48	0.019828086292105855	-0.4996066923030483
5	49	0.011898848773053732	-0.49985839734656456
5	50	0.0039666157824546225	-0.49998426571166654
5	51	-0.003966615782454806	-0.49998426571166654
5	52	-0.011898848773053916	-0.4998583973465645
5	53	-0.019828086292106036	-0.4996066923030483
5	54	-0.02775233219647021	-0.49922921394651654
5	55	-0.03566959159961646	-0.49872605730512676
5	56	-0.043577871373829125	-0.4980973490458728
5	57	-0.05147518065196744	-0.4973432474426966
5	58	-0.05935953132865258	-0.49646394233664415
5	59	-0.06722893856076612	-0.4954596550880735
5	60	-0.0750814212671201	-0.49433063852092884
5	61	-0.08291500262718719	-0.49307717685909325
5	62	-0.0907277105787516	-0.4916995856548369
5	63	-0.0985175783143665	-0.4901982117093785
5	64	-0.10628264477648859	-0.4885734329855797
5	65	-0.11402095515116077	-0.4868256585127955
5	66	-0.12173056136012966	-0.4849553282839026
5	67	-0.12940952255126031	-0.48296291314453416
5	68	-0.13705590558713893	-0.4808489146745465
5	69	-0.14466778553172668	-0.47861386506174924
5	70	-0.15224324613495357	-0.47625832696793025
5	71	-0.15978038031512523	-0.4737828933872074
5	72	-0.1672772906390177	-0.471188187496747
5	73	-0.17473208979954935	-0.4684748624998808
5	74	-0.1821429010908971	-0.4656436014616669
5	75	-0.18950785888095034	-0.46269511713693046
5	76	-0.19682510908097098	-0.45963015179083266
5	77	-0.20409280961235154	-0.4564494770120089
5	78	-0.21130913087034955	-0.4531538935183251
5	79	-0.2184722561846798	-0.4497442309553016
5	80	-0.22558038227685054	-0.44622134768725485
5	81	-0.23263171971413021	-0.44258613058120827
5	82	-0.23962449336002856	-0.4388394947836277
5	83	-0.2465569428211754	-0.4349823834900393
5	84	-0.2534273228904916	-0.4310157677075846
5	85	-0.260233903986536	-0.42694064601057413
5	86	-0.2669749725889181	-0.42275804428910213
5	87	-0.27364883166966636	-0.4184690154907847
5	88	-0.280253801120447	-0.41407463935568545
5	89	-0.2867882181755232	-0.4095760221444958
5	90	-0.29325043783034543	-0.40497429636004145
5	91	-0.2996388332556736	-0.4002706204621801
5	92	-0.3059517962071232	-0.3954661785761646
5	93	-0.31218773743003175	-0.39056218019454664
5	94	-0.31834508705954434	-0.3855598598726936
5	95	-0.32442229501581926	-0.38046047691799567
5	96	-0.3304178313942537	-0.3752653150728409
5	97	-0.3363301868506264	-0.36997568219144183
5	98	-0.34215787298106926	-0.36459290991058846
5	99	-0.3478994226967639	-0.35911835331441694
5	100	-0.35355339059327384	-0.35355339059327373
6	1	2.1213203435596424	-2.121320343559643
6	2	2.1547101198865026	-2.0873965361805826
6	3	2.1875574594635308	-2.0529472378864155
6	4	2.2198540931486517	-2.017981121103757
6	5	2.2515918904370453	-1.9825069883655222
6	6	2.2827628615079743	-1.9465337700949155
6	7	2.3133591592361613	-1.910070522357266
6	8	2.3433730811672797	-1.8731264245801906
6	9	2.3727970714569877	-1.8357107772427392
6	10	2.4016237227730803	-1.7978329995340414
6	11	2.4298457781602503	-1.7595026269820706
6	12	2.457456132866975	-1.720729309053139
6	13	2.4844478361341125	-1.6815228067226822
6	14	2.5108140929447083	-1.6418929900179982
6	15	2.536548265734613	-1.6018498355335087
6	16	2.561643876063445	-1.561403423919216
6	17	2.5860946062455077	-1.5205639373429496
6	18	2.6098943009402373	-1.4793416569270503
6	19	2.6330369687017665	-1.4377469601601716
6	20	2.6555167834872497	-1.3957903182847815
6	21	2.677328086123529	-1.3534822936611035
6	22	2.6984653857318097	-1.3108335371080788
6	23	2.7189233611099493	-1.2678547852221
6	24	2.7386968620720533	-1.2245568576741095
6	25	2.757780910744997	-1.1809506544858235
6	26	2.7761707028215827	-1.1370471532857023
6	27	2.7938616087700012	-1.0928574065453827
6	28	2.8108491749992845	-1.0483925387972963
6	29	2.8271291249804817	-1.0036637438341063
6	30	2.8426973603232444	-0.9586822818907516
6	31	2.8575499618075817	-0.9134594768097216
6	32	2.8716831903704962	-0.8680067131903576
6	33	2.8850934880472785	-0.8223354335228336
6	34	2.897777478867205	-0.776457135307562
6	35	2.909731969703415	-0.7303833681607781
6	36	2.9209539510767732	-0.6841257309069648
6	37	2.931440597913478	-0.6376958686589317
6	38	2.941189270256271	-0.5911054698861992
6	39	2.9501975139290213	-0.5443662634725098
6	40	2.9584630611545597	-0.49749001576312335
6	41	2.9659838311255733	-0.45048852760272073
6	42	2.972757930528441	-0.40337363136459686
6	43	2.978783654019865	-0.35615718797191565
6	44	2.9840594846561794	-0.3088510839118048
6	45	2.988584094275237	-0.26146722824297497
6	46	2.9923563438307603	-0.21401754959769898
6	47	2.995375283679099	-0.16651399317882143
6	48	2.99764015381829	-0.1189685177526364
6	49	2.999150384079387	-0.07139309263832369
6	50	2.9999055942699995	-0.02379969469472902
6	51	2.9999055942699995	0.023799694694727553
6	52	2.999150384079387	0.0713930926383222
6	53	2.99764015381829	0.11896851775263495
6	54	2.995375283679099	0.16651399317881999
6	55	2.9923563438307603	0.21401754959769748
6	56	2.988584094275237	0.26146722824297347
6	57	2.9840594846561794	0.3088510839118034
6	58	2.978783654019865	0.3561571879719142
6	59	2.972757930528441	0.40337363136459536
6	60	2.9659838311255733	0.4504885276027193
6	61	2.9584630611545597	0.4974900157631218
6	62	2.9501975139290217	0.5443662634725083
6	63	2.941189270256271	0.5911054698861977
6	64	2.9314405979134786	0.6376958686589302
6	65	2.9209539510767737	0.6841257309069634
6	66	2.909731969703416	0.7303833681607766
6	67	2.897777478867205	0.7764571353075607
6	68	2.885093488047279	0.8223354335228323
6	69	2.871683190370496	0.8680067131903589
6	70	2.8575499618075817	0.9134594768097203
6	71	2.842697360323245	0.9586822818907503
6	72	2.827129124980482	1.0036637438341052
6	73	2.810849174999285	1.048392538797295
6	74	2.7938616087700017	1.0928574065453815
6	75	2.7761707028215836	1.137047153285701
6	76	2.7577809107449966	1.1809506544858248
6	77	2.7386968620720538	1.2245568576741084
6	78	2.718923361109951	1.2678547852220963
6	79	2.6984653857318097	1.3108335371080777
6	80	2.6773280861235293	1.3534822936611022
6	81	2.65551678348725	1.3957903182847802
6	82	2.633036968701767	1.4377469601601702
6	83	2.6098943009402364	1.4793416569270514
6	84	2.586094606245508	1.5205639373429483
6	85	2.5616438760634455	1.5614034239192152
6	86	2.5365482657346137	1.6018498355335078
6	87	2.5108140929447087	1.6418929900179973
6	88	2.4844478361341134	1.681522806722681
6	89	2.4574561328669753	1.7207293090531381
6	90	2.42984577816025	1.7595026269820715
6	91	2.4016237227730817	1.7978329995340405
6	92	2.3727970714569886	1.8357107772427383
6	93	2.3433730811672806	1.8731264245801895
6	94	2.3133591592361626	1.9100705223572652
6	95	2.282762861507975	1.9465337700949146
6	96	2.251591890437046	1.982506988365521
6	97	2.2198540931486512	2.0179811211037584
6	98	2.1875574594635316	2.0529472378864146
6	99	2.154710119886503	2.0873965361805817
6	100	2.121320343559643	2.121320343559642
6	1	1.0606601717798214	1.060660171779821
6	2	1.0773550599432515	1.0436982680902909
6	3	1.0937787297317658	1.0264736189432073
6	4	1.1099270465743263	1.008990560551878
6	5	1.125795945218523	0.9912534941827605
6	6	1.1413814307539876	0.9732668850474573
6	7	1.1566795796180813	0.9550352611786326
6	8	1.1716865405836403	0.9365632122900948
6	9	1.1863985357284943	0.9178553886213692
6	10	1.2008118613865408	0.8989164997670203
6	11	1.2149228890801256	0.8797513134910346
6	12	1.2287280664334876	0.8603646545265691
6	13	1.2422239180670567	0.8407614033613405
6	14	1.2554070464723543	0.8209464950089986
6	15	1.2682741328673068	0.8009249177667539
6	16	1.2808219380317227	0.7807017119596076
6	17	1.293047303122754	0.7602819686714741
6	18	1.3049471504701189	0.7396708284635245
6	19	1.3165184843508835	0.7188734800800851
6	20	1.327758391743625	0.6978951591423901
6	21	1.3386640430617647	0.6767411468305511
6	22	1.3492326928659049	0.6554167685540389
6	23	1.3594616805549748	0.6339273926110494
6	24	1.3693484310360269	0.6122784288370542
6	25	1.3788904553724988	0.5904753272429112
6	26	1.3880853514107918	0.5685235766428505
6	27	1.3969308043850008	0.5464287032726908
6	28	1.4054245874996425	0.5241962693986475
6	29	1.413564562490241	0.5018318719170526
6	30	1.4213486801616224	0.47934114094537517
6	31	1.4287749809037908	0.45672973840486014
6	32	1.4358415951852483	0.4340033565951782
6	33	1.4425467440236395	0.41116771676141617
6	34	1.4488887394336025	0.38822856765378033
6	35	1.454865984851708	0.3651916840803883
6	36	1.4604769755383868	0.3420628654534817
6	37	1.4657202989567393	0.3188479343294651
6	38	1.4705946351281356	0.29555273494309886
6	39	1.4750987569645109	0.27218313173625414
6	40	1.4792315305772799	0.2487450078815609
6	41	1.4829919155627866	0.22524426380135965
6	42	1.4863789652642205	0.20168681568229768
6	43	1.4893918270099324	0.1780785939859571
6	44	1.4920297423280897	0.1544255419559017
6	45	1.4942920471376184	0.13073361412148674
6	46	1.4961781719153802	0.10700877479884874
6	47	1.4976876418395495	0.08325699658940999
6	48	1.498820076909145	0.059484258876317475
6	49	1.4995751920396936	0.0356965463191611
6	50	1.4999527971349997	0.011899847347363776
6	51	1.4999527971349997	-0.01189984734736451
6	52	1.4995751920396936	-0.035696546319161845
6	53	1.498820076909145	-0.0594842588763182
6	54	1.4976876418395495	-0.08325699658941071
6	55	1.4961781719153802	-0.10700877479884949
6	56	1.4942920471376184	-0.13073361412148748
6	57	1.4920297423280897	-0.1544255419559024
6	58	1.4893918270099324	-0.17807859398595782
6	59	1.4863789652642205	-0.20168681568229843
6	60	1.4829919155627866	-0.22524426380136037
6	61	1.4792315305772799	-0.24874500788156167
6	62	1.4750987569645106	-0.2721831317362549
6	63	1.4705946351281356	-0.2955527349430996
6	64	1.465720298956739	-0.31884793432946584
6	65	1.4604769755383866	-0.3420628654534824
6	66	1.4548659848517076	-0.36519168408038905
6	67	1.4488887394336025	-0.388228567653781
6	68	1.4425467440236392	-0.4111677167614168
6	69	1.4358415951852477	-0.43400335659518013
6	70	1.4287749809037908	-0.4567297384048608
6	71	1.4213486801616222	-0.4793411409453758
6	72	1.4135645624902409	-0.5018318719170531
6	73	1.4054245874996423	-0.5241962693986482
6	74	1.3969308043850006	-0.5464287032726913
6	75	1.3880853514107914	-0.5685235766428511
6	76	1.378890455372498	-0.5904753272429131
6	77	1.3693484310360267	-0.6122784288370547
6	78	1.359461680554975	-0.6339273926110487
6	79	1.3492326928659049	-0.6554167685540394
6	80	1.3386640430617645	-0.6767411468305518
6	81	1.3277583917436249	-0.6978951591423908
6	82	1.3165184843508833	-0.7188734800800858
6	83	1.304947150470118	-0.7396708284635263
6	84	1.2930473031227538	-0.7602819686714748
6	85	1.2808219380317225	-0.780701711959608
6	86	1.2682741328673064	-0.8009249177667543
6	87	1.2554070464723541	-0.8209464950089991
6	88	1.2422239180670562	-0.8407614033613411
6	89	1.2287280664334874	-0.8603646545265695
6	90	1.2149228890801242	-0.8797513134910363
6	91	1.2008118613865402	-0.8989164997670207
6	92	1.1863985357284939	-0.9178553886213696
6	93	1.1716865405836399	-0.9365632122900953
6	94	1.1566795796180807	-0.955035261178633
6	95	1.1413814307539871	-0.9732668850474577
6	96	1.1257959452185227	-0.9912534941827611
6	97	1.1099270465743247	-1.0089905605518796
6	98	1.0937787297317654	-1.0264736189432078
6	99	1.0773550599432513	-1.0436982680902913
6	100	1.0606601717798212	-1.0606601717798214
7	1	2.121320343559643	2.1213203435596424
7	2	2.087396536180583	2.154710119886502
7	3	2.052947237886415	2.187557459463531
7	4	2.0179811211037575	2.2198540931486517
7	5	1.9825069883655213	2.251591890437046
7	6	1.9465337700949155	2.2827628615079743
7	7	1.9100705223572652	2.3133591592361626
7	8	1.8731264245801906	2.34337308116728
7	9	1.83571077724274	2.3727970714569873
7	10	1.797832999534041	2.4016237227730812
7	11	1.759502626982071	2.4298457781602503
7	12	1.7207293090531386	2.457456132866975
7	13	1.6815228067226824	2.4844478361341125
7	14	1.6418929900179973	2.5108140929447087
7	15	1.6018498355335082	2.536548265734613
7	16	1.561403423919217	2.561643876063444
7	17	1.5205639373429491	2.586094606245508
7	18	1.4793416569270512	2.609894300940237
7	19	1.4377469601601705	2.633036968701767
7	20	1.3957903182847815	2.6555167834872497
7	21	1.3534822936611024	2.6773280861235293
7	22	1.3108335371080786	2.6984653857318097
7	23	1.2678547852220983	2.7189233611099497
7	24	1.2245568576741088	2.7386968620720533
7	25	1.1809506544858244	2.7577809107449966
7	26	1.137047153285701	2.776170702821583
7	27	1.0928574065453829	2.7938616087700012
7	28	1.048392538797295	2.810849174999285
7	29	1.0036637438341058	2.827129124980482
7	30	0.9586822818907499	2.842697360323245
7	31	0.9134594768097211	2.8575499618075817
7	32	0.8680067131903584	2.8716831903704962
7	33	0.8223354335228332	2.885093488047279
7	34	0.7764571353075622	2.897777478867205
7	35	0.7303833681607769	2.9097319697034156
7	36	0.6841257309069642	2.9209539510767732
7	37	0.6376958686589298	2.9314405979134786
7	38	0.5911054698861986	2.941189270256271
7	39	0.5443662634725079	2.9501975139290217
7	40	0.49749001576312274	2.9584630611545597
7	41	0.4504885276027214	2.9659838311255733
7	42	0.4033736313645956	2.972757930528441
7	43	0.35615718797191576	2.978783654019865
7	44	0.30885108391180294	2.9840594846561794
7	45	0.26146722824297436	2.988584094275237
7	46	0.21401754959769706	2.9923563438307603
7	47	0.1665139931788209	2.995375283679099
7	48	0.1189685177526372	2.99764015381829
7	49	0.07139309263832247	2.999150384079387
7	50	0.023799694694729135	2.9999055942699995
7	51	-0.023799694694729437	2.9999055942699995
7	52	-0.07139309263832276	2.999150384079387
7	53	-0.11896851775263681	2.99764015381829
7	54	-0.16651399317882054	2.995375283679099
7	55	-0.21401754959769673	2.9923563438307603
7	56	-0.261467228242974	2.988584094275237
7	57	-0.30885108391180327	2.9840594846561794
7	58	-0.3561571879719154	2.978783654019865
7	59	-0.4033736313645959	2.972757930528441
7	60	-0.4504885276027212	2.9659838311255733
7	61	-0.4974900157631224	2.9584630611545597
7	62	-0.5443662634725075	2.9501975139290217
7	63	-0.5911054698861984	2.941189270256271
7	64	-0.6376958686589295	2.9314405979134786
7	65	-0.6841257309069646	2.9209539510767732
7	66	-0.7303833681607765	2.909731969703416
7	67	-0.7764571353075626	2.897777478867205
7	68	-0.8223354335228329	2.885093488047279
7	69	-0.8680067131903582	2.8716831903704962
7	70	-0.9134594768097208	2.8575499618075817
7	71	-0.9586822818907502	2.842697360323245
7	72	-1.0036637438341063	2.827129124980482
7	73	-1.048392538797295	2.8108491749992854
7	74	-1.0928574065453827	2.7938616087700012
7	75	-1.1370471532857014	2.776170702821583
7	76	-1.180950654485824	2.7577809107449966
7	77	-1.2245568576741088	2.7386968620720538
7	78	-1.267854785222098	2.71892336110995
7	79	-1.3108335371080782	2.6984653857318097
7	80	-1.3534822936611026	2.6773280861235293
7	81	-1.3957903182847808	2.6555167834872497
7	82	-1.4377469601601707	2.6330369687017665
7	83	-1.4793416569270503	2.6098943009402373
7	84	-1.5205639373429485	2.586094606245508
7	85	-1.5614034239192165	2.5616438760634446
7	86	-1.6018498355335078	2.5365482657346132
7	87	-1.6418929900179975	2.5108140929447087
7	88	-1.681522806722681	2.484447836134113
7	89	-1.7207293090531386	2.457456132866975
7	90	-1.7595026269820706	2.4298457781602503
7	91	-1.7978329995340405	2.4016237227730812
7	92	-1.8357107772427397	2.3727970714569877
7	93	-1.8731264245801897	2.3433730811672806
7	94	-1.9100705223572654	2.313359159236162
7	95	-1.946533770094915	2.2827628615079747
7	96	-1.9825069883655213	2.251591890437046
7	97	-2.0179811211037575	2.2198540931486517
7	98	-2.052947237886415	2.187557459463531
7	99	-2.0873965361805826	2.154710119886502
7	100	-2.1213203435596424	2.121320343559643
7	1	-1.0606601717798212	1.0606601717798214
7	2	-1.0436982680902913	1.077355059943251
7	3	-1.0264736189432075	1.0937787297317656
7	4	-1.0089905605518787	1.1099270465743258
7	5	-0.9912534941827602	1.1257959452185236
7	6	-0.9732668850474575	1.1413814307539873
7	7	-0.955035261178632	1.1566795796180815
7	8	-0.9365632122900949	1.1716865405836403
7	9	-0.9178553886213698	1.1863985357284939
7	10	-0.8989164997670203	1.2008118613865406
7	11	-0.8797513134910353	1.2149228890801251
7	12	-0.8603646545265693	1.2287280664334874
7	13	-0.8407614033613405	1.2422239180670565
7	14	-0.8209464950089982	1.2554070464723548
7	15	-0.8009249177667539	1.2682741328673066
7	16	-0.7807017119596082	1.2808219380317223
7	17	-0.7602819686714742	1.293047303122754
7	18	-0.7396708284635252	1.3049471504701187
7	19	-0.7188734800800853	1.3165184843508833
7	20	-0.6978951591423904	1.3277583917436249
7	21	-0.6767411468305508	1.338664043061765
7	22	-0.6554167685540391	1.3492326928659049
7	23	-0.633927392611049	1.359461680554975
7	24	-0.6122784288370544	1.3693484310360269
7	25	-0.590475327242912	1.3788904553724983
7	26	-0.5685235766428505	1.3880853514107918
7	27	-0.5464287032726913	1.3969308043850006
7	28	-0.5241962693986475	1.4054245874996427
7	29	-0.5018318719170527	1.413564562490241
7	30	-0.4793411409453748	1.4213486801616226
7	31	-0.4567297384048604	1.4287749809037908
7	32	-0.4340033565951791	1.4358415951852481
7	33	-0.41116771676141645	1.4425467440236395
7	34	-0.38822856765378094	1.4488887394336025
7	35	-0.36519168408038827	1.454865984851708
7	36	-0.34206286545348197	1.4604769755383866
7	37	-0.31884793432946473	1.4657202989567393
7	38	-0.2955527349430992	1.4705946351281356
7	39	-0.27218313173625375	1.4750987569645109
7	40	-0.2487450078815612	1.4792315305772799
7	41	-0.2252442638013606	1.4829919155627866
7	42	-0.20168681568229763	1.4863789652642205
7	43	-0.1780785939859577	1.4893918270099324
7	44	-0.1544255419559013	1.4920297423280897
7	45	-0.130733614121487	1.4942920471376184
7	46	-0.10700877479884836	1.4961781719153802
7	47	-0.08325699658941027	1.4976876418395495
7	48	-0.059484258876318405	1.498820076909145
7	49	-0.03569654631916105	1.4995751920396936
7	50	-0.011899847347364385	1.4999527971349997
7	51	0.0118998473473649	1.4999527971349997
7	52	0.03569654631916157	1.4995751920396936
7	53	0.0594842588763186	1.498820076909145
7	54	0.08325699658941045	1.4976876418395495
7	55	0.10700877479884853	1.4961781719153802
7	56	0.13073361412148718	1.4942920471376184
7	57	0.1544255419559018	1.4920297423280897
7	58	0.17807859398595788	1.4893918270099324
7	59	0.20168681568229813	1.4863789652642205
7	60	0.2252442638013607	1.4829919155627866
7	61	0.24874500788156137	1.4792315305772799
7	62	0.27218313173625397	1.4750987569645109
7	63	0.2955527349430993	1.4705946351281356
7	64	0.3188479343294649	1.4657202989567393
7	65	0.3420628654534824	1.4604769755383866
7	66	0.36519168408038843	1.4548659848517078
7	67	0.38822856765378144	1.4488887394336023
7	68	0.4111677167614166	1.4425467440236395
7	69	0.4340033565951792	1.4358415951852481
7	70	0.45672973840486053	1.4287749809037908
7	71	0.4793411409453753	1.4213486801616224
7	72	0.5018318719170533	1.4135645624902409
7	73	0.5241962693986475	1.4054245874996425
7	74	0.5464287032726914	1.3969308043850006
7	75	0.5685235766428509	1.3880853514107916
7	76	0.5904753272429122	1.3788904553724983
7	77	0.6122784288370544	1.3693484310360267
7	78	0.6339273926110491	1.3594616805549748
7	79	0.6554167685540395	1.3492326928659046
7	80	0.6767411468305512	1.3386640430617647
7	81	0.6978951591423908	1.3277583917436249
7	82	0.7188734800800856	1.3165184843508833
7	83	0.7396708284635256	1.3049471504701184
7	84	0.7602819686714746	1.293047303122754
7	85	0.7807017119596085	1.280821938031722
7	86	0.8009249177667546	1.2682741328673062
7	87	0.8209464950089987	1.2554070464723543
7	88	0.8407614033613412	1.2422239180670562
7	89	0.8603646545265693	1.2287280664334874
7	90	0.8797513134910356	1.214922889080125
7	91	0.8989164997670206	1.2008118613865404
7	92	0.91785538862137	1.1863985357284936
7	93	0.9365632122900953	1.17168654058364
7	94	0.9550352611786327	1.156679579618081
7	95	0.973266885047458	1.1413814307539871
7	96	0.9912534941827607	1.125795945218523
7	97	1.008990560551879	1.1099270465743256
7	98	1.0264736189432075	1.0937787297317656
7	99	1.0436982680902918	1.077355059943251
7	100	1.0606601717798214	1.0606601717798212
8	1	-2.1213203435596424	2.121320343559643
8	2	-2.154710119886502	2.0873965361805835
8	3	-2.187557459463531	2.052947237886415
8	4	-2.2198540931486512	2.017981121103758
8	5	-2.2515918904370467	1.9825069883655209
8	6	-2.2827628615079743	1.9465337700949152
8	7	-2.313359159236163	1.9100705223572647
8	8	-2.34337308116728	1.8731264245801906
8	9	-2.3727970714569873	1.83571077724274
8	10	-2.401623722773081	1.7978329995340412
8	11	-2.42984577816025	1.7595026269820713
8	12	-2.457456132866975	1.720729309053139
8	13	-2.4844478361341125	1.6815228067226817
8	14	-2.510814092944709	1.6418929900179968
8	15	-2.536548265734613	1.6018498355335082
8	16	-2.561643876063444	1.561403423919217
8	17	-2.586094606245508	1.5205639373429491
8	18	-2.609894300940237	1.4793416569270512
8	19	-2.6330369687017665	1.4377469601601711
8	20	-2.6555167834872497	1.395790318284781
8	21	-2.67732808612353	1.353482293661102
8	22	-2.6984653857318097	1.3108335371080786
8	23	-2.7189233611099497	1.2678547852220985
8	24	-2.7386968620720533	1.224556857674109
8	25	-2.7577809107449966	1.1809506544858244
8	26	-2.7761707028215827	1.1370471532857018
8	27	-2.7938616087700012	1.0928574065453824
8	28	-2.8108491749992854	1.0483925387972948
8	29	-2.827129124980482	1.003663743834106
8	30	-2.842697360323245	0.9586822818907501
8	31	-2.8575499618075817	0.9134594768097213
8	32	-2.8716831903704962	0.8680067131903586
8	33	-2.885093488047279	0.8223354335228334
8	34	-2.897777478867205	0.7764571353075618
8	35	-2.9097319697034156	0.7303833681607778
8	36	-2.9209539510767732	0.6841257309069644
8	37	-2.9314405979134786	0.63769586865893
8	38	-2.941189270256271	0.5911054698861987
8	39	-2.9501975139290217	0.544366263472508
8	40	-2.9584630611545597	0.4974900157631229
8	41	-2.9659838311255733	0.4504885276027216
8	42	-2.972757930528441	0.4033736313645965
8	43	-2.978783654019865	0.3561571879719153
8	44	-2.9840594846561794	0.30885108391180316
8	45	-2.988584094275237	0.2614672282429746
8	46	-2.9923563438307603	0.21401754959769725
8	47	-2.995375283679099	0.1665139931788211
8	48	-2.99764015381829	0.11896851775263738
8	49	-2.999150384079387	0.0713930926383233
8	50	-2.9999055942699995	0.023799694694728656
8	51	-2.9999055942699995	-0.02379969469472925
8	52	-2.999150384079387	-0.07139309263832258
8	53	-2.99764015381829	-0.11896851775263663
8	54	-2.995375283679099	-0.16651399317882035
8	55	-2.9923563438307603	-0.21401754959769653
8	56	-2.988584094275237	-0.26146722824297386
8	57	-2.9840594846561794	-0.3088510839118037
8	58	-2.978783654019865	-0.35615718797191454
8	59	-2.972757930528441	-0.4033736313645958
8	60	-2.9659838311255733	-0.450488527602721
8	61	-2.9584630611545597	-0.49749001576312224
8	62	-2.9501975139290217	-0.5443662634725075
8	63	-2.941189270256271	-0.5911054698861982
8	64	-2.9314405979134786	-0.6376958686589294
8	65	-2.9209539510767732	-0.6841257309069637
8	66	-2.9097319697034156	-0.7303833681607771
8	67	-2.897777478867205	-0.7764571353075624
8	68	-2.885093488047279	-0.8223354335228328
8	69	-2.8716831903704962	-0.8680067131903579
8	70	-2.8575499618075817	-0.9134594768097206
8	71	-2.842697360323245	-0.9586822818907508
8	72	-2.827129124980482	-1.0036637438341054
8	73	-2.810849174999285	-1.0483925387972952
8	74	-2.7938616087700017	-1.0928574065453818
8	75	-2.776170702821583	-1.1370471532857012
8	76	-2.757780910744997	-1.180950654485824
8	77	-2.7386968620720538	-1.2245568576741086
8	78	-2.71892336110995	-1.2678547852220978
8	79	-2.6984653857318097	-1.310833537108078
8	80	-2.6773280861235293	-1.3534822936611026
8	81	-2.65551678348725	-1.3957903182847806
8	82	-2.633036968701767	-1.4377469601601705
8	83	-2.6098943009402373	-1.4793416569270503
8	84	-2.586094606245508	-1.5205639373429485
8	85	-2.5616438760634446	-1.5614034239192165
8	86	-2.5365482657346132	-1.6018498355335078
8	87	-2.5108140929447087	-1.6418929900179975
8	88	-2.484447836134113	-1.681522806722681
8	89	-2.457456132866975	-1.7207293090531386
8	90	-2.4298457781602503	-1.7595026269820706
8	91	-2.4016237227730812	-1.7978329995340405
8	92	-2.3727970714569877	-1.8357107772427397
8	93	-2.3433730811672806	-1.8731264245801897
8	94	-2.313359159236162	-1.9100705223572654
8	95	-2.2827628615079747	-1.946533770094915
8	96	-2.251591890437046	-1.9825069883655213
8	97	-2.2198540931486517	-2.0179811211037575
8	98	-2.187557459463531	-2.052947237886415
8	99	-2.154710119886502	-2.0873965361805826
8	100	-2.121320343559643	-2.1213203435596424
8	1	-1.0606601717798214	-1.0606601717798212
8	2	-1.077355059943251	-1.0436982680902913
8	3	-1.0937787297317656	-1.0264736189432075
8	4	-1.1099270465743258	-1.0089905605518787
8	5	-1.1257959452185236	-0.9912534941827602
8	6	-1.1413814307539873	-0.9732668850474575
8	7	-1.1566795796180815	-0.955035261178632
8	8	-1.1716865405836403	-0.9365632122900949
8	9	-1.1863985357284939	-0.9178553886213698
8	10	-1.2008118613865406	-0.8989164997670203
8	11	-1.2149228890801251	-0.8797513134910353
8	12	-1.2287280664334874	-0.8603646545265693
8	13	-1.2422239180670565	-0.8407614033613405
8	14	-1.2554070464723548	-0.8209464950089982
8	15	-1.2682741328673066	-0.8009249177667539
8	16	-1.2808219380317223	-0.7807017119596082
8	17	-1.293047303122754	-0.7602819686714742
8	18	-1.3049471504701187	-0.7396708284635252
8	19	-1.3165184843508835	-0.7188734800800852
8	20	-1.327758391743625	-0.6978951591423903
8	21	-1.3386640430617651	-0.6767411468305506
8	22	-1.3492326928659049	-0.655416768554039
8	23	-1.359461680554975	-0.6339273926110489
8	24	-1.3693484310360269	-0.6122784288370543
8	25	-1.3788904553724985	-0.590475327242912
8	26	-1.3880853514107916	-0.5685235766428506
8	27	-1.3969308043850008	-0.5464287032726909
8	28	-1.4054245874996427	-0.524196269398647
8	29	-1.413564562490241	-0.5018318719170527
8	30	-1.4213486801616226	-0.4793411409453747
8	31	-1.4287749809037908	-0.4567297384048603
8	32	-1.4358415951852481	-0.43400335659517897
8	33	-1.4425467440236395	-0.4111677167614164
8	34	-1.4488887394336025	-0.38822856765378055
8	35	-1.4548659848517078	-0.36519168408038855
8	36	-1.4604769755383866	-0.34206286545348186
8	37	-1.4657202989567393	-0.3188479343294647
8	38	-1.4705946351281356	-0.2955527349430991
8	39	-1.4750987569645109	-0.27218313173625375
8	40	-1.4792315305772799	-0.24874500788156112
8	41	-1.4829919155627866	-0.2252442638013605
8	42	-1.4863789652642205	-0.2016868156822979
8	43	-1.4893918270099324	-0.17807859398595727
8	44	-1.4920297423280897	-0.1544255419559012
8	45	-1.4942920471376184	-0.13073361412148693
8	46	-1.4961781719153802	-0.10700877479884827
8	47	-1.4976876418395495	-0.08325699658941017
8	48	-1.498820076909145	-0.059484258876318315
8	49	-1.4995751920396936	-0.03569654631916129
8	50	-1.4999527971349997	-0.011899847347363959
8	51	-1.4999527971349997	0.011899847347364994
8	52	-1.4995751920396936	0.03569654631916165
8	53	-1.498820076909145	0.05948425887631869
8	54	-1.4976876418395495	0.08325699658941055
8	55	-1.4961781719153802	0.10700877479884863
8	56	-1.4942920471376184	0.1307336141214873
8	57	-1.4920297423280897	0.15442554195590225
8	58	-1.4893918270099324	0.17807859398595766
8	59	-1.4863789652642205	0.20168681568229824
8	60	-1.4829919155627866	0.2252442638013608
8	61	-1.4792315305772799	0.24874500788156145
8	62	-1.4750987569645109	0.272183131736254
8	63	-1.4705946351281356	0.29555273494309936
8	64	-1.4657202989567393	0.318847934329465
8	65	-1.4604769755383866	0.3420628654534822
8	66	-1.4548659848517078	0.3651916840803889
8	67	-1.4488887394336023	0.38822856765378155
8	68	-1.4425467440236395	0.4111677167614167
8	69	-1.4358415951852481	0.4340033565951793
8	70	-1.4287749809037908	0.45672973840486064
8	71	-1.4213486801616222	0.4793411409453756
8	72	-1.413564562490241	0.501831871917053
8	73	-1.4054245874996423	0.5241962693986479
8	74	-1.3969308043850006	0.5464287032726912
8	75	-1.3880853514107914	0.5685235766428509
8	76	-1.3788904553724983	0.5904753272429122
8	77	-1.3693484310360267	0.6122784288370545
8	78	-1.3594616805549748	0.6339273926110492
8	79	-1.3492326928659049	0.6554167685540393
8	80	-1.3386640430617645	0.6767411468305515
8	81	-1.3277583917436249	0.6978951591423905
8	82	-1.3165184843508833	0.7188734800800856
8	83	-1.3049471504701184	0.7396708284635256
8	84	-1.293047303122754	0.7602819686714746
8	85	-1.280821938031722	0.7807017119596085
8	86	-1.2682741328673064	0.8009249177667541
8	87	-1.2554070464723543	0.8209464950089991
8	88	-1.2422239180670562	0.8407614033613409
8	89	-1.2287280664334874	0.8603646545265695
8	90	-1.214922889080125	0.8797513134910356
8	91	-1.2008118613865404	0.8989164997670206
8	92	-1.1863985357284936	0.91785538862137
8	93	-1.17168654058364	0.9365632122900953
8	94	-1.1566795796180809	0.9550352611786328
8	95	-1.1413814307539871	0.9732668850474576
8	96	-1.1257959452185229	0.9912534941827609
8	97	-1.1099270465743256	1.008990560551879
8	98	-1.0937787297317656	1.0264736189432075
8	99	-1.077355059943251	1.0436982680902918
8	100	-1.0606601717798212	1.0606601717798214
9	1	-2.121320343559643	-2.1213203435596424
9	2	-2.0873965361805835	-2.1547101198865017
9	3	-2.0529472378864155	-2.1875574594635308
9	4	-2.0179811211037584	-2.2198540931486512
9	5	-1.982506988365521	-2.251591890437046
9	6	-1.9465337700949155	-2.2827628615079743
9	7	-1.910070522357266	-2.3133591592361613
9	8	-1.8731264245801906	-2.3433730811672797
9	9	-1.8357107772427392	-2.3727970714569877
9	10	-1.7978329995340414	-2.4016237227730803
9	11	-1.7595026269820706	-2.4298457781602503
9	12	-1.720729309053139	-2.457456132866975
9	13	-1.6815228067226822	-2.4844478361341125
9	14	-1.6418929900179982	-2.5108140929447083
9	15	-1.6018498355335087	-2.536548265734613
9	16	-1.561403423919216	-2.561643876063445
9	17	-1.5205639373429496	-2.5860946062455077
9	18	-1.4793416569270503	-2.6098943009402373
9	19	-1.4377469601601713	-2.6330369687017665
9	20	-1.3957903182847813	-2.6555167834872497
9	21	-1.3534822936611033	-2.677328086123529
9	22	-1.3108335371080788	-2.6984653857318097
9	23	-1.2678547852220998	-2.7189233611099493
9	24	-1.2245568576741093	-2.7386968620720533
9	25	-1.1809506544858235	-2.757780910744997
9	26	-1.137047153285702	-2.7761707028215827
9	27	-1.0928574065453827	-2.7938616087700012
9	28	-1.048392538797296	-2.8108491749992845
9	29	-1.0036637438341063	-2.827129124980482
9	30	-0.9586822818907514	-2.8426973603232444
9	31	-0.9134594768097215	-2.8575499618075817
9	32	-0.8680067131903576	-2.8716831903704962
9	33	-0.8223354335228336	-2.885093488047279
9	34	-0.7764571353075619	-2.897777478867205
9	35	-0.730383368160778	-2.9097319697034156
9	36	-0.6841257309069646	-2.9209539510767732
9	37	-0.6376958686589316	-2.931440597913478
9	38	-0.591105469886199	-2.941189270256271
9	39	-0.5443662634725096	-2.9501975139290213
9	40	-0.49749001576312313	-2.9584630611545597
9	41	-0.4504885276027206	-2.9659838311255733
9	42	-0.4033736313645967	-2.972757930528441
9	43	-0.3561571879719155	-2.978783654019865
9	44	-0.30885108391180466	-2.9840594846561794
9	45	-0.26146722824297475	-2.988584094275237
9	46	-0.21401754959769875	-2.9923563438307603
9	47	-0.16651399317882126	-2.995375283679099
9	48	-0.11896851775263621	-2.99764015381829
9	49	-0.0713930926383235	-2.999150384079387
9	50	-0.02379969469472884	-2.9999055942699995
9	51	0.023799694694727737	-2.9999055942699995
9	52	0.07139309263832239	-2.999150384079387
9	53	0.11896851775263513	-2.99764015381829
9	54	0.16651399317882018	-2.995375283679099
9	55	0.2140175495976977	-2.9923563438307603
9	56	0.26146722824297364	-2.988584094275237
9	57	0.30885108391180355	-2.9840594846561794
9	58	0.35615718797191437	-2.978783654019865
9	59	0.40337363136459553	-2.972757930528441
9	60	0.4504885276027194	-2.9659838311255733
9	61	0.497490015763122	-2.9584630611545597
9	62	0.5443662634725085	-2.9501975139290217
9	63	0.5911054698861979	-2.941189270256271
9	64	0.6376958686589304	-2.9314405979134786
9	65	0.6841257309069635	-2.9209539510767737
9	66	0.7303833681607768	-2.9097319697034156
9	67	0.7764571353075609	-2.897777478867205
9	68	0.8223354335228326	-2.885093488047279
9	69	0.868006713190359	-2.871683190370496
9	70	0.9134594768097204	-2.8575499618075817
9	71	0.9586822818907506	-2.842697360323245
9	72	1.0036637438341054	-2.827129124980482
9	73	1.048392538797295	-2.810849174999285
9	74	1.0928574065453818	-2.7938616087700017
9	75	1.137047153285701	-2.776170702821583
9	76	1.1809506544858248	-2.757780910744996
9	77	1.2245568576741084	-2.7386968620720538
9	78	1.2678547852220965	-2.718923361109951
9	79	1.3108335371080777	-2.6984653857318097
9	80	1.3534822936611024	-2.6773280861235293
9	81	1.3957903182847804	-2.65551678348725
9	82	1.4377469601601705	-2.633036968701767
9	83	1.4793416569270514	-2.6098943009402364
9	84	1.5205639373429483	-2.586094606245508
9	85	1.5614034239192152	-2.5616438760634455
9	86	1.6018498355335078	-2.5365482657346137
9	87	1.6418929900179973	-2.5108140929447087
9	88	1.681522806722681	-2.4844478361341134
9	89	1.7207293090531381	-2.4574561328669753
9	90	1.7595026269820715	-2.42984577816025
9	91	1.7978329995340405	-2.4016237227730817
9	92	1.8357107772427383	-2.3727970714569886
9	93	1.8731264245801895	-2.3433730811672806
9	94	1.9100705223572652	-2.3133591592361626
9	95	1.9465337700949146	-2.282762861507975
9	96	1.982506988365521	-2.251591890437046
9	97	2.0179811211037584	-2.2198540931486512
9	98	2.0529472378864146	-2.1875574594635316
9	99	2.0873965361805817	-2.154710119886503
9	100	2.1213203435596424	-2.121320343559643
9	1	1.0606601717798212	-1.0606601717798214
9	2	1.0436982680902909	-1.0773550599432515
9	3	1.0264736189432073	-1.0937787297317658
9	4	1.008990560551878	-1.1099270465743263
9	5	0.9912534941827605	-1.125795945218523
9	6	0.9732668850474573	-1.1413814307539876
9	7	0.9550352611786326	-1.1566795796180813
9	8	0.9365632122900948	-1.1716865405836403
9	9	0.9178553886213692	-1.1863985357284943
9	10	0.8989164997670203	-1.2008118613865408
9	11	0.8797513134910346	-1.2149228890801256
9	12	0.8603646545265691	-1.2287280664334876
9	13	0.8407614033613405	-1.2422239180670567
9	14	0.8209464950089986	-1.2554070464723543
9	15	0.8009249177667539	-1.2682741328673068
9	16	0.7807017119596076	-1.2808219380317227
9	17	0.7602819686714741	-1.293047303122754
9	18	0.7396708284635245	-1.3049471504701189
9	19	0.7188734800800852	-1.3165184843508835
9	20	0.6978951591423902	-1.327758391743625
9	21	0.6767411468305512	-1.3386640430617647
9	22	0.6554167685540389	-1.3492326928659049
9	23	0.6339273926110494	-1.3594616805549746
9	24	0.6122784288370542	-1.3693484310360269
9	25	0.5904753272429112	-1.3788904553724985
9	26	0.5685235766428505	-1.3880853514107916
9	27	0.5464287032726909	-1.3969308043850008
9	28	0.5241962693986475	-1.4054245874996425
9	29	0.5018318719170527	-1.413564562490241
9	30	0.4793411409453753	-1.4213486801616224
9	31	0.4567297384048602	-1.4287749809037908
9	32	0.4340033565951783	-1.4358415951852481
9	33	0.4111677167614163	-1.4425467440236395
9	34	0.38822856765378044	-1.4488887394336025
9	35	0.3651916840803884	-1.4548659848517078
9	36	0.34206286545348175	-1.4604769755383868
9	37	0.3188479343294652	-1.4657202989567393
9	38	0.29555273494309897	-1.4705946351281356
9	39	0.27218313173625425	-1.4750987569645109
9	40	0.248745007881561	-1.4792315305772799
9	41	0.2252442638013597	-1.4829919155627866
9	42	0.20168681568229777	-1.4863789652642205
9	43	0.17807859398595718	-1.4893918270099324
9	44	0.15442554195590177	-1.4920297423280897
9	45	0.13073361412148682	-1.4942920471376184
9	46	0.10700877479884885	-1.4961781719153802
9	47	0.08325699658941009	-1.4976876418395495
9	48	0.059484258876317565	-1.498820076909145
9	49	0.03569654631916119	-1.4995751920396936
9	50	0.011899847347363868	-1.4999527971349997
9	51	-0.01189984734736442	-1.4999527971349997
9	52	-0.03569654631916175	-1.4995751920396936
9	53	-0.05948425887631811	-1.498820076909145
9	54	-0.08325699658941063	-1.4976876418395495
9	55	-0.10700877479884938	-1.4961781719153802
9	56	-0.13073361412148737	-1.4942920471376184
9	57	-0.15442554195590233	-1.4920297423280897
9	58	-0.17807859398595774	-1.4893918270099324
9	59	-0.20168681568229835	-1.4863789652642205
9	60	-0.2252442638013603	-1.4829919155627866
9	61	-0.24874500788156156	-1.4792315305772799
9	62	-0.2721831317362548	-1.4750987569645106
9	63	-0.2955527349430995	-1.4705946351281356
9	64	-0.3188479343294658	-1.465720298956739
9	65	-0.3420628654534823	-1.4604769755383866
9	66	-0.365191684080389	-1.4548659848517078
9	67	-0.38822856765378094	-1.4488887394336025
9	68	-0.4111677167614168	-1.4425467440236395
9	69	-0.4340033565951801	-1.4358415951852477
9	70	-0.45672973840486075	-1.4287749809037908
9	71	-0.4793411409453757	-1.4213486801616222
9	72	-0.5018318719170531	-1.413564562490241
9	73	-0.524196269398648	-1.4054245874996423
9	74	-0.5464287032726913	-1.3969308043850006
9	75	-0.568523576642851	-1.3880853514107914
9	76	-0.590475327242913	-1.378890455372498
9	77	-0.6122784288370546	-1.3693484310360267
9	78	-0.6339273926110487	-1.3594616805549753
9	79	-0.6554167685540394	-1.3492326928659049
9	80	-0.6767411468305516	-1.3386640430617645
9	81	-0.6978951591423906	-1.3277583917436249
9	82	-0.7188734800800857	-1.3165184843508833
9	83	-0.7396708284635263	-1.304947150470118
9	84	-0.7602819686714748	-1.2930473031227538
9	85	-0.780701711959608	-1.2808219380317225
9	86	-0.8009249177667543	-1.2682741328673064
9	87	-0.8209464950089991	-1.2554070464723541
9	88	-0.8407614033613411	-1.2422239180670562
9	89	-0.8603646545265695	-1.2287280664334874
9	90	-0.8797513134910363	-1.2149228890801242
9	91	-0.8989164997670207	-1.2008118613865402
9	92	-0.9178553886213696	-1.1863985357284939
9	93	-0.9365632122900953	-1.1716865405836399
9	94	-0.955035261178633	-1.1566795796180807
9	95	-0.9732668850474577	-1.1413814307539871
9	96	-0.9912534941827611	-1.1257959452185227
9	97	-1.0089905605518792	-1.1099270465743256
9	98	-1.0264736189432078	-1.0937787297317654
9	99	-1.0436982680902918	-1.0773550599432509
9	100	-1.0606601717798214	-1.0606601717798212
